OrderID,OrderDate,CustomerID,ProductID,Region,Category,SubCategory,SalesAmount,Cost,Profit
1,2023-01-01,1002,238,East,Furniture,Table,8209.97,1367.91,6842.0599999999995
2,2023-01-02,1030,234,East,Electronics,Laptop,8853.64,7568.3,1285.3399999999992
3,2023-01-03,1039,202,West,Furniture,Sofa,2357.99,6807.3,-4449.31
4,2023-01-04,1035,249,North,Furniture,Table,2199.24,5368.73,-3169.49
5,2023-01-05,1023,236,South,Electronics,Mobile,6148.71,3725.25,2423.46
6,2023-01-06,1094,243,West,Electronics,Mobile,4169.18,3323.54,845.6400000000003
7,2023-01-07,1005,243,West,Furniture,Chair,8414.63,5225.24,3189.3899999999994
8,2023-01-08,1065,229,West,Clothing,Jackets,9010.23,4386.18,4624.049999999999
9,2023-01-09,1083,237,South,Furniture,Table,3598.87,545.07,3053.7999999999997
10,2023-01-10,1091,233,West,Furniture,Chair,2445.02,4124.4,-1679.3799999999997
11,2023-01-11,1074,211,South,Furniture,Sofa,7827.2,6460.91,1366.29
12,2023-01-12,1003,218,West,Furniture,Table,2820.58,3700.96,-880.3800000000001
13,2023-01-13,1078,236,South,Electronics,Accessories,8243.88,463.05,7780.829999999999
14,2023-01-14,1005,243,East,Furniture,Chair,4295.01,6300.91,-2005.8999999999996
15,2023-01-15,1093,248,East,Clothing,Shirts,6708.74,1650.84,5057.9
16,2023-01-16,1050,216,East,Electronics,Mobile,1045.8,2106.04,-1060.24
17,2023-01-17,1061,209,East,Clothing,Jackets,6276.21,1359.42,4916.79
18,2023-01-18,1056,248,East,Clothing,Jackets,4572.5,2675.21,1897.29
19,2023-01-19,1065,246,West,Clothing,Shirts,5907.42,6066.17,-158.75
20,2023-01-20,1078,211,West,Clothing,Jackets,1763.34,4179.12,-2415.7799999999997
21,2023-01-21,1074,215,West,Electronics,Mobile,7395.05,1678.81,5716.24
22,2023-01-22,1007,223,South,Electronics,Mobile,8641.69,7028.75,1612.9400000000005
23,2023-01-23,1025,218,South,Clothing,Pants,2245.72,7042.68,-4796.960000000001
24,2023-01-24,1050,207,South,Clothing,Jackets,1047.57,6971.1,-5923.530000000001
25,2023-01-25,1044,230,South,Electronics,Mobile,334.02,1948.43,-1614.41
26,2023-01-26,1043,220,East,Electronics,Mobile,6455.52,3637.35,2818.1700000000005
27,2023-01-27,1004,216,East,Electronics,Accessories,6110.23,7880.67,-1770.4400000000005
28,2023-01-28,1069,222,East,Furniture,Table,5512.3,6187.5,-675.1999999999998
29,2023-01-29,1025,236,North,Furniture,Table,2396.28,265.98,2130.3
30,2023-01-30,1067,215,West,Furniture,Chair,3969.97,568.38,3401.5899999999997
31,2023-01-31,1018,205,South,Clothing,Jackets,5985.32,3738.25,2247.0699999999997
32,2023-02-01,1083,207,South,Furniture,Table,5017.99,7278.3,-2260.3100000000004
33,2023-02-02,1096,224,East,Clothing,Jackets,9879.08,4332.68,5546.4
34,2023-02-03,1019,217,South,Clothing,Jackets,1450.75,4007.61,-2556.86
35,2023-02-04,1011,224,South,Furniture,Chair,6981.93,888.52,6093.41
36,2023-02-05,1046,211,West,Clothing,Pants,4102.76,5271.4,-1168.6399999999994
37,2023-02-06,1000,214,East,Furniture,Chair,4339.18,6585.72,-2246.54
38,2023-02-07,1089,225,West,Furniture,Table,7204.22,3074.34,4129.88
39,2023-02-08,1013,240,North,Electronics,Laptop,6955.12,6216.11,739.0100000000002
40,2023-02-09,1063,244,North,Furniture,Table,9913.43,7717.59,2195.84
41,2023-02-10,1037,225,North,Electronics,Laptop,1371.1,1669.94,-298.84000000000015
42,2023-02-11,1036,246,East,Furniture,Table,1130.69,4210.47,-3079.78
43,2023-02-12,1010,231,South,Furniture,Sofa,7270.95,2332.75,4938.2
44,2023-02-13,1099,209,East,Electronics,Mobile,5826.03,6353.19,-527.1599999999999
45,2023-02-14,1076,215,East,Electronics,Accessories,2814.19,4641.87,-1827.6799999999998
46,2023-02-15,1002,206,South,Furniture,Table,886.25,5094.93,-4208.68
47,2023-02-16,1032,216,West,Clothing,Shirts,948.02,6393.42,-5445.4
48,2023-02-17,1005,222,North,Electronics,Laptop,8952.49,3197.97,5754.52
49,2023-02-18,1049,225,West,Clothing,Shirts,1999.49,7324.97,-5325.4800000000005
50,2023-02-19,1009,220,North,Clothing,Jackets,3301.38,4287.58,-986.1999999999998
51,2023-02-20,1004,221,East,Clothing,Shirts,2343.9,1305.74,1038.16
52,2023-02-21,1022,206,North,Electronics,Mobile,3614.46,5582.4,-1967.9399999999996
53,2023-02-22,1009,213,East,Clothing,Shirts,787.3,6356.43,-5569.13
54,2023-02-23,1043,214,West,Electronics,Mobile,5238.69,2568.26,2670.4299999999994
55,2023-02-24,1001,206,East,Clothing,Shirts,769.36,6864.58,-6095.22
56,2023-02-25,1012,208,West,Furniture,Table,8023.53,7253.84,769.6899999999996
57,2023-02-26,1039,247,South,Furniture,Chair,2413.75,2251.39,162.36000000000013
58,2023-02-27,1001,207,South,Electronics,Mobile,5446.12,7869.0,-2422.88
59,2023-02-28,1083,249,South,Furniture,Sofa,8812.78,1168.66,7644.120000000001
60,2023-03-01,1064,222,East,Furniture,Chair,6543.69,1656.02,4887.67
61,2023-03-02,1062,228,South,Clothing,Jackets,5376.28,1514.59,3861.6899999999996
62,2023-03-03,1072,217,North,Electronics,Laptop,3310.9,7157.22,-3846.32
63,2023-03-04,1016,230,West,Clothing,Shirts,3396.72,5251.63,-1854.9100000000003
64,2023-03-05,1008,229,West,Clothing,Jackets,6727.92,1259.23,5468.6900000000005
65,2023-03-06,1074,238,North,Clothing,Jackets,9941.98,3550.57,6391.41
66,2023-03-07,1014,234,East,Clothing,Pants,6652.21,4941.62,1710.5900000000001
67,2023-03-08,1023,217,East,Clothing,Shirts,5622.06,713.54,4908.52
68,2023-03-09,1037,241,West,Clothing,Shirts,7333.44,7065.21,268.22999999999956
69,2023-03-10,1034,238,South,Clothing,Jackets,4705.54,6438.65,-1733.1099999999997
70,2023-03-11,1093,216,East,Electronics,Mobile,695.41,4066.39,-3370.98
71,2023-03-12,1094,213,East,Furniture,Sofa,5666.74,7738.66,-2071.92
72,2023-03-13,1048,230,North,Clothing,Shirts,9580.49,3371.2,6209.29
73,2023-03-14,1068,223,North,Clothing,Jackets,1835.5,7873.68,-6038.18
74,2023-03-15,1061,234,South,Clothing,Shirts,6931.05,5359.96,1571.0900000000001
75,2023-03-16,1059,243,East,Clothing,Pants,2089.24,5095.64,-3006.4000000000005
76,2023-03-17,1049,244,East,Clothing,Shirts,5404.69,1369.34,4035.3499999999995
77,2023-03-18,1077,233,North,Clothing,Shirts,1057.1,7061.33,-6004.23
78,2023-03-19,1074,202,East,Furniture,Table,4558.67,3448.54,1110.13
79,2023-03-20,1008,236,West,Furniture,Chair,7586.02,1339.76,6246.26
80,2023-03-21,1033,242,North,Clothing,Pants,3540.96,150.23,3390.73
81,2023-03-22,1075,239,South,Furniture,Chair,6682.63,4500.06,2182.5699999999997
82,2023-03-23,1098,225,North,Electronics,Accessories,7974.95,4242.83,3732.12
83,2023-03-24,1034,222,East,Clothing,Jackets,9279.06,5768.86,3510.2
84,2023-03-25,1000,243,South,Electronics,Mobile,2422.96,7127.55,-4704.59
85,2023-03-26,1039,238,North,Electronics,Mobile,4053.23,681.28,3371.95
86,2023-03-27,1063,214,West,Clothing,Shirts,1608.92,5865.4,-4256.48
87,2023-03-28,1021,248,West,Furniture,Sofa,9925.59,1539.92,8385.67
88,2023-03-29,1059,203,North,Electronics,Mobile,9277.31,6872.51,2404.7999999999993
89,2023-03-30,1063,228,West,Clothing,Jackets,5445.58,6561.55,-1115.9700000000003
90,2023-03-31,1092,221,West,Electronics,Laptop,8436.13,4349.31,4086.819999999999
91,2023-04-01,1071,224,West,Electronics,Accessories,5257.48,5696.43,-438.9500000000007
92,2023-04-02,1010,212,South,Electronics,Accessories,6273.5,2549.08,3724.42
93,2023-04-03,1013,217,West,Electronics,Laptop,982.33,3795.78,-2813.4500000000003
94,2023-04-04,1059,232,West,Furniture,Sofa,7577.18,6582.01,995.1700000000001
95,2023-04-05,1029,215,West,Electronics,Mobile,1364.36,3701.16,-2336.8
96,2023-04-06,1034,244,South,Electronics,Mobile,8278.07,2894.5,5383.57
97,2023-04-07,1084,241,North,Electronics,Accessories,7842.08,3978.99,3863.09
98,2023-04-08,1036,243,East,Furniture,Chair,7116.57,6634.58,481.9899999999998
99,2023-04-09,1004,201,West,Electronics,Accessories,457.99,2714.9,-2256.91
100,2023-04-10,1082,234,North,Electronics,Mobile,3100.97,1431.4,1669.5699999999997
101,2023-04-11,1077,241,West,Furniture,Chair,2704.81,5710.51,-3005.7000000000003
102,2023-04-12,1025,233,South,Furniture,Sofa,3665.35,6616.53,-2951.18
103,2023-04-13,1061,229,North,Furniture,Chair,967.66,850.07,117.58999999999992
104,2023-04-14,1003,212,South,Electronics,Accessories,9375.88,1957.0,7418.879999999999
105,2023-04-15,1088,212,West,Furniture,Chair,5582.64,1178.68,4403.96
106,2023-04-16,1041,217,West,Furniture,Chair,3124.69,2816.13,308.55999999999995
107,2023-04-17,1088,231,South,Electronics,Laptop,4030.12,3630.29,399.8299999999999
108,2023-04-18,1017,231,East,Furniture,Table,4527.31,6003.17,-1475.8599999999997
109,2023-04-19,1039,234,South,Electronics,Accessories,6045.88,5226.62,819.2600000000002
110,2023-04-20,1071,238,West,Clothing,Pants,5205.23,4986.38,218.84999999999945
111,2023-04-21,1038,245,South,Furniture,Sofa,9201.98,2851.38,6350.599999999999
112,2023-04-22,1013,228,East,Clothing,Pants,5019.94,6739.51,-1719.5700000000006
113,2023-04-23,1031,248,South,Electronics,Mobile,9922.36,3796.73,6125.630000000001
114,2023-04-24,1050,228,East,Furniture,Sofa,8529.11,7833.88,695.2300000000005
115,2023-04-25,1037,243,East,Electronics,Accessories,2164.25,5091.43,-2927.1800000000003
116,2023-04-26,1096,215,South,Clothing,Shirts,9312.89,1053.8,8259.09
117,2023-04-27,1022,243,South,Electronics,Accessories,1252.03,5425.61,-4173.58
118,2023-04-28,1062,246,North,Furniture,Sofa,8192.75,2634.58,5558.17
119,2023-04-29,1014,209,West,Furniture,Table,3868.17,5506.3,-1638.13
120,2023-04-30,1096,229,East,Clothing,Jackets,8791.95,603.65,8188.300000000001
121,2023-05-01,1024,224,North,Electronics,Mobile,8693.76,1440.31,7253.450000000001
122,2023-05-02,1016,238,South,Furniture,Table,8078.66,6853.11,1225.5500000000002
123,2023-05-03,1096,219,West,Clothing,Pants,7921.3,1856.08,6065.22
124,2023-05-04,1065,204,North,Furniture,Chair,3116.32,6704.48,-3588.1599999999994
125,2023-05-05,1077,200,East,Furniture,Chair,901.1,2270.24,-1369.1399999999999
126,2023-05-06,1052,229,North,Electronics,Laptop,4089.5,5160.91,-1071.4099999999999
127,2023-05-07,1050,248,East,Furniture,Sofa,1817.89,5568.5,-3750.6099999999997
128,2023-05-08,1038,202,South,Electronics,Laptop,6980.02,4125.61,2854.4100000000008
129,2023-05-09,1050,244,West,Furniture,Chair,3526.39,2477.22,1049.17
130,2023-05-10,1069,213,West,Clothing,Pants,9758.54,1740.52,8018.02
131,2023-05-11,1005,229,West,Furniture,Chair,6445.62,313.86,6131.76
132,2023-05-12,1066,249,South,Electronics,Laptop,8242.56,2466.37,5776.19
133,2023-05-13,1006,203,East,Electronics,Accessories,1411.99,5242.64,-3830.6500000000005
134,2023-05-14,1050,217,South,Clothing,Pants,8633.94,7509.52,1124.42
135,2023-05-15,1071,236,West,Furniture,Table,9235.3,6976.08,2259.2199999999993
136,2023-05-16,1041,224,South,Furniture,Chair,4921.91,6140.21,-1218.3000000000002
137,2023-05-17,1063,247,South,Clothing,Shirts,6101.9,6318.16,-216.26000000000022
138,2023-05-18,1014,200,South,Furniture,Chair,7671.62,5336.63,2334.99
139,2023-05-19,1028,245,East,Furniture,Table,1830.9,2119.28,-288.3800000000001
140,2023-05-20,1032,214,North,Electronics,Accessories,5075.4,7262.2,-2186.8
141,2023-05-21,1093,208,North,Furniture,Chair,4046.76,5382.32,-1335.5599999999995
142,2023-05-22,1026,214,South,Furniture,Chair,1549.1,4505.5,-2956.4
143,2023-05-23,1035,248,North,Clothing,Pants,3738.59,932.37,2806.2200000000003
144,2023-05-24,1028,223,North,Clothing,Shirts,774.91,3604.09,-2829.1800000000003
145,2023-05-25,1037,203,South,Electronics,Accessories,355.54,3709.85,-3354.31
146,2023-05-26,1056,211,South,Furniture,Sofa,1438.15,6923.28,-5485.129999999999
147,2023-05-27,1096,236,West,Furniture,Chair,9634.84,4395.85,5238.99
148,2023-05-28,1026,236,North,Furniture,Chair,5540.34,3074.18,2466.1600000000003
149,2023-05-29,1054,242,East,Electronics,Laptop,9661.64,7815.56,1846.079999999999
150,2023-05-30,1032,205,South,Electronics,Accessories,4381.73,930.23,3451.4999999999995
151,2023-05-31,1067,238,West,Clothing,Jackets,3186.98,3409.26,-222.2800000000002
152,2023-06-01,1085,245,East,Electronics,Mobile,5110.8,384.1,4726.7
153,2023-06-02,1065,223,North,Furniture,Table,4451.17,5932.24,-1481.0699999999997
154,2023-06-03,1009,210,West,Furniture,Sofa,1146.08,7348.71,-6202.63
155,2023-06-04,1004,212,South,Electronics,Accessories,6444.18,2276.3,4167.88
156,2023-06-05,1073,233,East,Furniture,Table,2238.78,6873.82,-4635.039999999999
157,2023-06-06,1096,224,South,Furniture,Table,6233.92,2373.13,3860.79
158,2023-06-07,1037,206,North,Electronics,Accessories,6536.99,7290.62,-753.6300000000001
159,2023-06-08,1012,203,East,Electronics,Accessories,1605.05,6044.0,-4438.95
160,2023-06-09,1030,207,North,Furniture,Table,707.36,6449.01,-5741.650000000001
161,2023-06-10,1046,219,North,Furniture,Sofa,7829.54,193.15,7636.39
162,2023-06-11,1099,228,West,Furniture,Chair,4652.02,7704.34,-3052.3199999999997
163,2023-06-12,1087,244,South,Clothing,Shirts,675.82,5827.03,-5151.21
164,2023-06-13,1051,245,East,Clothing,Pants,9949.18,2472.77,7476.41
165,2023-06-14,1055,209,North,Clothing,Pants,672.03,6643.69,-5971.66
166,2023-06-15,1014,242,North,Electronics,Laptop,6980.85,2288.09,4692.76
167,2023-06-16,1028,233,East,Clothing,Shirts,9838.42,6988.39,2850.0299999999997
168,2023-06-17,1007,225,North,Electronics,Accessories,2467.88,945.01,1522.8700000000001
169,2023-06-18,1004,240,West,Electronics,Mobile,1508.27,5644.3,-4136.030000000001
170,2023-06-19,1028,248,West,Clothing,Jackets,1301.71,4348.55,-3046.84
171,2023-06-20,1046,202,West,Clothing,Shirts,3102.42,817.45,2284.9700000000003
172,2023-06-21,1067,205,West,Clothing,Jackets,1100.35,1973.06,-872.71
173,2023-06-22,1075,204,North,Furniture,Chair,6952.4,148.61,6803.79
174,2023-06-23,1044,204,East,Clothing,Pants,716.69,3776.71,-3060.02
175,2023-06-24,1001,246,East,Furniture,Chair,5143.28,2445.06,2698.22
176,2023-06-25,1026,222,East,Electronics,Accessories,9967.3,4806.94,5160.36
177,2023-06-26,1094,248,East,Furniture,Chair,8158.31,2413.04,5745.27
178,2023-06-27,1035,208,South,Clothing,Shirts,6190.67,2434.36,3756.31
179,2023-06-28,1035,234,East,Electronics,Mobile,3131.91,5958.39,-2826.4800000000005
180,2023-06-29,1025,219,South,Electronics,Laptop,6276.57,432.74,5843.83
181,2023-06-30,1042,248,South,Electronics,Mobile,5317.71,7228.02,-1910.3100000000004
182,2023-07-01,1026,241,West,Furniture,Table,4318.23,6825.5,-2507.2700000000004
183,2023-07-02,1068,234,South,Clothing,Pants,1394.03,5359.05,-3965.0200000000004
184,2023-07-03,1019,249,North,Electronics,Mobile,8877.38,4766.11,4111.2699999999995
185,2023-07-04,1010,217,South,Electronics,Mobile,4552.87,7143.8,-2590.9300000000003
186,2023-07-05,1073,216,West,Electronics,Mobile,2026.76,1523.37,503.3900000000001
187,2023-07-06,1037,223,South,Furniture,Sofa,3740.82,677.8,3063.0200000000004
188,2023-07-07,1005,202,North,Furniture,Chair,4199.88,1954.11,2245.7700000000004
189,2023-07-08,1071,231,North,Clothing,Pants,8292.63,6366.9,1925.7299999999996
190,2023-07-09,1022,234,North,Furniture,Chair,7362.78,325.63,7037.15
191,2023-07-10,1046,237,West,Electronics,Accessories,7716.12,4683.31,3032.8099999999995
192,2023-07-11,1089,212,West,Clothing,Shirts,209.21,7963.73,-7754.5199999999995
193,2023-07-12,1045,246,East,Electronics,Accessories,4219.92,6852.78,-2632.8599999999997
194,2023-07-13,1011,224,West,Electronics,Accessories,4865.31,4195.49,669.8200000000006
195,2023-07-14,1089,208,North,Furniture,Chair,290.0,555.95,-265.95000000000005
196,2023-07-15,1012,203,North,Clothing,Pants,2672.15,6659.42,-3987.27
197,2023-07-16,1061,213,West,Furniture,Sofa,7626.87,4811.88,2814.99
198,2023-07-17,1081,236,South,Furniture,Chair,1457.39,963.72,493.6700000000001
199,2023-07-18,1088,233,West,Clothing,Shirts,5399.57,796.17,4603.4
200,2023-07-19,1096,210,West,Electronics,Laptop,2230.5,7281.53,-5051.03
201,2023-07-20,1059,240,North,Electronics,Accessories,220.0,5370.14,-5150.14
202,2023-07-21,1042,202,East,Clothing,Jackets,2487.89,6642.83,-4154.9400000000005
203,2023-07-22,1075,227,North,Electronics,Mobile,9761.15,7037.88,2723.2699999999995
204,2023-07-23,1099,228,East,Clothing,Shirts,8035.22,4595.59,3439.63
205,2023-07-24,1067,208,North,Clothing,Pants,9599.81,4163.7,5436.11
206,2023-07-25,1004,202,West,Furniture,Table,4929.76,3471.9,1457.8600000000001
207,2023-07-26,1036,224,North,Clothing,Jackets,1186.39,2569.73,-1383.34
208,2023-07-27,1071,233,North,Furniture,Sofa,5524.8,3505.04,2019.7600000000002
209,2023-07-28,1091,211,North,Electronics,Mobile,4598.34,6202.34,-1604.0
210,2023-07-29,1030,241,West,Electronics,Accessories,8459.14,4835.29,3623.8499999999995
211,2023-07-30,1008,208,West,Electronics,Laptop,1071.02,7145.56,-6074.540000000001
212,2023-07-31,1050,214,West,Electronics,Laptop,4933.59,3574.87,1358.7200000000003
213,2023-08-01,1028,239,West,Furniture,Chair,1585.48,4876.36,-3290.8799999999997
214,2023-08-02,1077,224,East,Electronics,Laptop,3314.29,5068.9,-1754.6099999999997
215,2023-08-03,1039,204,East,Clothing,Pants,7399.84,4753.99,2645.8500000000004
216,2023-08-04,1040,210,South,Clothing,Pants,4812.58,5635.94,-823.3599999999997
217,2023-08-05,1085,233,West,Clothing,Pants,3821.29,1937.6,1883.69
218,2023-08-06,1010,223,East,Furniture,Chair,4005.32,4123.29,-117.9699999999998
219,2023-08-07,1022,214,North,Electronics,Mobile,4648.52,878.59,3769.9300000000003
220,2023-08-08,1000,237,West,Electronics,Accessories,7871.66,3106.87,4764.79
221,2023-08-09,1045,207,South,Electronics,Laptop,8931.64,3926.95,5004.69
222,2023-08-10,1020,204,South,Furniture,Sofa,9557.81,5235.18,4322.629999999999
223,2023-08-11,1089,247,South,Clothing,Shirts,7890.34,7606.72,283.6199999999999
224,2023-08-12,1035,225,North,Clothing,Shirts,3222.53,4825.18,-1602.65
225,2023-08-13,1053,217,East,Electronics,Mobile,6912.53,5961.57,950.96
226,2023-08-14,1086,205,North,Clothing,Shirts,4432.27,4074.82,357.4500000000003
227,2023-08-15,1056,236,West,Clothing,Shirts,2621.24,5091.13,-2469.8900000000003
228,2023-08-16,1000,247,South,Furniture,Chair,8424.63,613.91,7810.719999999999
229,2023-08-17,1062,212,North,Furniture,Chair,480.42,2072.41,-1591.9899999999998
230,2023-08-18,1053,227,North,Furniture,Table,9027.44,2926.73,6100.710000000001
231,2023-08-19,1054,204,East,Furniture,Sofa,4668.63,3806.32,862.31
232,2023-08-20,1039,212,East,Electronics,Mobile,6408.29,412.91,5995.38
233,2023-08-21,1014,216,South,Furniture,Table,6627.6,1163.19,5464.41
234,2023-08-22,1020,249,North,Clothing,Pants,8961.67,2250.67,6711.0
235,2023-08-23,1046,239,North,Electronics,Accessories,6403.03,7773.68,-1370.6500000000005
236,2023-08-24,1072,244,East,Clothing,Shirts,6177.94,2684.21,3493.7299999999996
237,2023-08-25,1052,231,North,Clothing,Jackets,759.86,3882.23,-3122.37
238,2023-08-26,1008,228,North,Clothing,Shirts,5232.24,1608.98,3623.2599999999998
239,2023-08-27,1073,202,North,Furniture,Table,1586.67,4905.7,-3319.0299999999997
240,2023-08-28,1051,239,East,Furniture,Table,7400.59,2281.43,5119.16
241,2023-08-29,1056,233,South,Electronics,Laptop,5171.0,1695.59,3475.41
242,2023-08-30,1025,239,West,Electronics,Laptop,6834.26,4156.75,2677.51
243,2023-08-31,1040,226,South,Furniture,Sofa,512.56,93.77,418.78999999999996
244,2023-09-01,1034,212,West,Clothing,Shirts,939.44,110.93,828.51
245,2023-09-02,1062,244,North,Electronics,Mobile,7191.6,1791.6,5400.0
246,2023-09-03,1024,232,South,Furniture,Sofa,813.63,341.93,471.7
247,2023-09-04,1089,205,West,Furniture,Chair,805.44,908.8,-103.3599999999999
248,2023-09-05,1074,223,East,Furniture,Table,219.87,2743.94,-2524.07
249,2023-09-06,1037,218,East,Clothing,Shirts,9569.36,6430.56,3138.8
250,2023-09-07,1001,215,South,Furniture,Table,7401.33,4597.79,2803.54
251,2023-09-08,1006,239,South,Furniture,Sofa,3597.19,4125.71,-528.52
252,2023-09-09,1081,227,North,Furniture,Chair,3035.7,2383.24,652.46
253,2023-09-10,1090,232,South,Furniture,Sofa,3562.06,7457.44,-3895.3799999999997
254,2023-09-11,1033,247,North,Electronics,Mobile,7769.07,3206.27,4562.799999999999
255,2023-09-12,1090,240,North,Electronics,Laptop,6647.57,742.39,5905.179999999999
256,2023-09-13,1016,212,East,Furniture,Sofa,1933.44,4955.68,-3022.2400000000002
257,2023-09-14,1042,242,East,Clothing,Shirts,1823.68,955.02,868.6600000000001
258,2023-09-15,1058,244,West,Electronics,Laptop,1074.12,2794.52,-1720.4
259,2023-09-16,1050,224,East,Furniture,Sofa,6637.0,4083.92,2553.08
260,2023-09-17,1053,241,East,Electronics,Accessories,7667.29,7000.07,667.2200000000003
261,2023-09-18,1023,235,South,Electronics,Mobile,2723.96,3973.7,-1249.7399999999998
262,2023-09-19,1024,226,East,Clothing,Shirts,307.36,5632.96,-5325.6
263,2023-09-20,1070,237,West,Furniture,Chair,913.5,7942.89,-7029.39
264,2023-09-21,1051,206,South,Furniture,Table,9681.81,1095.34,8586.47
265,2023-09-22,1069,204,West,Clothing,Shirts,3024.9,2234.12,790.7800000000002
266,2023-09-23,1087,242,East,Clothing,Jackets,7715.31,3186.88,4528.43
267,2023-09-24,1032,244,West,Furniture,Sofa,6284.17,3403.53,2880.64
268,2023-09-25,1048,230,South,Furniture,Chair,3881.2,3317.62,563.5799999999999
269,2023-09-26,1028,222,North,Clothing,Shirts,2136.3,7265.51,-5129.21
270,2023-09-27,1062,241,West,Electronics,Accessories,1301.73,5726.56,-4424.83
271,2023-09-28,1021,209,West,Electronics,Laptop,6188.63,4882.85,1305.7799999999997
272,2023-09-29,1025,231,South,Clothing,Shirts,7768.87,2509.51,5259.36
273,2023-09-30,1027,242,South,Electronics,Mobile,6474.65,6599.13,-124.48000000000047
274,2023-10-01,1084,229,West,Clothing,Jackets,5349.99,7642.73,-2292.74
275,2023-10-02,1048,238,East,Electronics,Mobile,515.32,6578.53,-6063.21
276,2023-10-03,1070,230,West,Electronics,Laptop,9688.04,62.44,9625.6
277,2023-10-04,1080,217,South,Furniture,Sofa,8007.27,5109.39,2897.88
278,2023-10-05,1083,235,North,Furniture,Chair,2998.94,456.53,2542.41
279,2023-10-06,1048,201,North,Electronics,Accessories,9801.71,2097.98,7703.73
280,2023-10-07,1019,213,East,Electronics,Mobile,6058.63,523.22,5535.41
281,2023-10-08,1085,212,West,Furniture,Chair,5865.98,4850.17,1015.8099999999995
282,2023-10-09,1091,228,North,Furniture,Chair,7505.92,5508.39,1997.5299999999997
283,2023-10-10,1062,211,West,Furniture,Table,8136.52,960.18,7176.34
284,2023-10-11,1060,238,South,Clothing,Pants,6599.14,3101.52,3497.6200000000003
285,2023-10-12,1048,201,North,Electronics,Accessories,1368.15,3677.08,-2308.93
286,2023-10-13,1070,231,East,Furniture,Chair,3448.85,2983.97,464.8800000000001
287,2023-10-14,1000,212,South,Electronics,Mobile,9288.03,1012.15,8275.880000000001
288,2023-10-15,1095,245,East,Clothing,Pants,2323.69,3380.63,-1056.94
289,2023-10-16,1012,226,South,Clothing,Shirts,3784.45,6021.87,-2237.42
290,2023-10-17,1093,248,North,Furniture,Table,4377.56,614.51,3763.05
291,2023-10-18,1086,240,East,Clothing,Shirts,4450.11,687.43,3762.68
292,2023-10-19,1050,216,East,Electronics,Accessories,6168.1,2870.43,3297.6700000000005
293,2023-10-20,1055,239,South,Furniture,Chair,9436.45,7536.72,1899.7300000000005
294,2023-10-21,1082,230,East,Electronics,Mobile,2482.86,5365.15,-2882.2899999999995
295,2023-10-22,1061,233,South,Electronics,Laptop,1302.86,5445.43,-4142.570000000001
296,2023-10-23,1031,223,South,Clothing,Shirts,2054.96,2927.26,-872.3000000000002
297,2023-10-24,1029,244,South,Clothing,Shirts,8880.56,4769.6,4110.959999999999
298,2023-10-25,1028,234,South,Clothing,Pants,6493.53,130.54,6362.99
299,2023-10-26,1048,247,North,Clothing,Jackets,2930.48,5106.96,-2176.48
300,2023-10-27,1044,205,South,Clothing,Jackets,8177.87,7310.63,867.2399999999998
301,2023-10-28,1092,218,West,Furniture,Table,8627.56,4919.96,3707.5999999999995
302,2023-10-29,1029,229,East,Electronics,Laptop,8480.49,6995.9,1484.5900000000001
303,2023-10-30,1015,206,West,Electronics,Laptop,9197.37,5805.59,3391.7800000000007
304,2023-10-31,1039,209,North,Electronics,Laptop,2597.19,1008.44,1588.75
305,2023-11-01,1018,240,West,Electronics,Laptop,7574.92,7224.5,350.4200000000001
306,2023-11-02,1017,231,East,Clothing,Jackets,4659.34,578.23,4081.11
307,2023-11-03,1000,233,West,Electronics,Accessories,8435.79,4295.04,4140.750000000001
308,2023-11-04,1077,227,North,Furniture,Table,7312.06,1179.99,6132.070000000001
309,2023-11-05,1046,214,South,Furniture,Chair,7786.83,143.07,7643.76
310,2023-11-06,1065,229,West,Electronics,Laptop,6596.0,3405.17,3190.83
311,2023-11-07,1091,236,North,Electronics,Mobile,1856.54,2395.57,-539.0300000000002
312,2023-11-08,1093,228,North,Furniture,Table,5495.77,3913.7,1582.0700000000006
313,2023-11-09,1037,221,East,Furniture,Table,9848.23,4638.74,5209.49
314,2023-11-10,1050,203,East,Clothing,Jackets,9380.14,397.73,8982.41
315,2023-11-11,1062,219,West,Furniture,Chair,527.42,1027.88,-500.46000000000015
316,2023-11-12,1003,231,South,Clothing,Shirts,1731.67,4491.21,-2759.54
317,2023-11-13,1000,235,North,Clothing,Jackets,1404.11,2778.18,-1374.07
318,2023-11-14,1007,249,West,Clothing,Jackets,7287.2,5846.93,1440.2699999999995
319,2023-11-15,1028,203,North,Clothing,Jackets,8196.07,5235.72,2960.3499999999995
320,2023-11-16,1054,226,North,Clothing,Jackets,2213.76,6772.55,-4558.79
321,2023-11-17,1002,216,South,Electronics,Mobile,5107.94,5555.32,-447.3800000000001
322,2023-11-18,1031,211,South,Furniture,Chair,8422.96,3467.95,4955.009999999999
323,2023-11-19,1009,221,West,Clothing,Pants,7354.74,5400.08,1954.6599999999999
324,2023-11-20,1073,216,South,Furniture,Table,5468.15,2239.28,3228.8699999999994
325,2023-11-21,1082,209,South,Furniture,Sofa,5944.44,2485.19,3459.2499999999995
326,2023-11-22,1033,200,West,Clothing,Jackets,5132.77,6322.43,-1189.6599999999999
327,2023-11-23,1096,221,South,Electronics,Accessories,3045.73,3599.04,-553.31
328,2023-11-24,1086,225,East,Clothing,Pants,5693.72,6397.12,-703.3999999999996
329,2023-11-25,1054,217,North,Electronics,Laptop,6919.96,6588.26,331.6999999999998
330,2023-11-26,1091,249,North,Furniture,Table,8745.9,6867.62,1878.2799999999997
331,2023-11-27,1031,213,North,Electronics,Laptop,6399.28,7337.25,-937.9700000000003
332,2023-11-28,1049,246,North,Electronics,Laptop,7635.1,3476.33,4158.77
333,2023-11-29,1006,228,West,Electronics,Laptop,1684.71,2584.99,-900.2799999999997
334,2023-11-30,1092,211,North,Furniture,Table,4669.42,4678.48,-9.05999999999949
335,2023-12-01,1007,235,North,Furniture,Sofa,192.38,3000.82,-2808.44
336,2023-12-02,1064,234,North,Electronics,Accessories,2542.12,4828.54,-2286.42
337,2023-12-03,1056,211,North,Electronics,Accessories,7291.97,5659.41,1632.5600000000004
338,2023-12-04,1066,206,East,Clothing,Jackets,9918.92,5522.82,4396.1
339,2023-12-05,1087,228,North,Electronics,Laptop,1081.86,3027.7,-1945.84
340,2023-12-06,1086,210,East,Clothing,Shirts,4074.79,1376.54,2698.25
341,2023-12-07,1058,232,West,Electronics,Laptop,8020.7,3472.71,4547.99
342,2023-12-08,1071,205,South,Clothing,Shirts,2119.95,1183.62,936.3299999999999
343,2023-12-09,1053,246,North,Furniture,Sofa,5595.34,7126.27,-1530.9300000000003
344,2023-12-10,1066,214,South,Electronics,Laptop,7357.41,2799.73,4557.68
345,2023-12-11,1050,231,South,Electronics,Accessories,6198.26,1277.95,4920.31
346,2023-12-12,1096,210,West,Electronics,Laptop,1961.44,252.31,1709.13
347,2023-12-13,1091,222,South,Electronics,Accessories,3618.31,5184.29,-1565.98
348,2023-12-14,1007,225,East,Clothing,Shirts,7859.54,5113.37,2746.17
349,2023-12-15,1033,233,South,Electronics,Mobile,5586.84,2757.8,2829.04
350,2023-12-16,1034,245,South,Furniture,Chair,151.77,620.11,-468.34000000000003
351,2023-12-17,1095,233,South,Furniture,Table,7633.81,3306.55,4327.26
352,2023-12-18,1087,228,North,Electronics,Mobile,449.58,2524.18,-2074.6
353,2023-12-19,1077,203,North,Furniture,Table,7482.76,5433.11,2049.6500000000005
354,2023-12-20,1031,216,East,Electronics,Mobile,2104.56,4865.95,-2761.39
355,2023-12-21,1045,234,East,Electronics,Mobile,9584.93,2948.52,6636.41
356,2023-12-22,1015,212,North,Furniture,Table,3742.61,1782.25,1960.3600000000001
357,2023-12-23,1067,240,East,Electronics,Laptop,3336.62,7904.89,-4568.27
358,2023-12-24,1036,238,North,Furniture,Chair,1573.99,3659.31,-2085.3199999999997
359,2023-12-25,1053,214,West,Clothing,Pants,3125.48,5521.78,-2396.2999999999997
360,2023-12-26,1084,228,South,Electronics,Mobile,8778.84,1167.4,7611.4400000000005
361,2023-12-27,1013,228,South,Clothing,Pants,9963.71,3910.44,6053.269999999999
362,2023-12-28,1094,210,East,Furniture,Sofa,3746.26,268.92,3477.34
363,2023-12-29,1054,231,North,Clothing,Jackets,4541.25,4068.37,472.8800000000001
364,2023-12-30,1047,201,North,Clothing,Jackets,7248.5,7713.94,-465.4399999999996
365,2023-12-31,1081,246,East,Furniture,Sofa,8873.34,3104.44,5768.9
366,2024-01-01,1006,213,North,Clothing,Jackets,5971.14,360.02,5611.120000000001
367,2024-01-02,1073,219,West,Clothing,Shirts,3976.1,296.1,3680.0
368,2024-01-03,1006,221,South,Furniture,Sofa,4184.96,3134.49,1050.4700000000003
369,2024-01-04,1032,210,East,Clothing,Jackets,6986.62,1322.2,5664.42
370,2024-01-05,1022,226,East,Furniture,Sofa,131.86,235.65,-103.78999999999999
371,2024-01-06,1084,202,North,Clothing,Jackets,6233.93,6061.9,172.03000000000065
372,2024-01-07,1018,216,East,Furniture,Table,3619.38,3695.26,-75.88000000000011
373,2024-01-08,1018,243,West,Furniture,Chair,7962.55,2349.5,5613.05
374,2024-01-09,1035,227,North,Clothing,Jackets,1020.61,7205.66,-6185.05
375,2024-01-10,1028,228,North,Clothing,Jackets,5923.2,973.3,4949.9
376,2024-01-11,1059,220,North,Clothing,Jackets,4861.63,7649.55,-2787.92
377,2024-01-12,1081,246,North,Electronics,Mobile,6459.02,2546.04,3912.9800000000005
378,2024-01-13,1001,215,West,Electronics,Laptop,742.05,7112.81,-6370.76
379,2024-01-14,1000,236,North,Electronics,Mobile,5841.84,4843.4,998.4400000000005
380,2024-01-15,1046,219,East,Furniture,Table,5658.7,6622.32,-963.6199999999999
381,2024-01-16,1068,205,West,Clothing,Jackets,5650.53,7872.9,-2222.37
382,2024-01-17,1019,218,South,Furniture,Sofa,6074.53,2342.82,3731.7099999999996
383,2024-01-18,1010,204,South,Electronics,Mobile,6797.03,7691.03,-894.0
384,2024-01-19,1001,202,East,Clothing,Shirts,8069.39,3146.38,4923.01
385,2024-01-20,1066,200,East,Furniture,Table,2771.23,3114.82,-343.59000000000015
386,2024-01-21,1086,237,West,Clothing,Pants,8267.99,2756.08,5511.91
387,2024-01-22,1011,214,South,Furniture,Chair,5032.73,4354.19,678.54
388,2024-01-23,1019,233,South,Clothing,Pants,862.88,1275.45,-412.57000000000005
389,2024-01-24,1004,234,South,Electronics,Mobile,679.65,4452.01,-3772.36
390,2024-01-25,1036,248,South,Electronics,Laptop,3408.96,4356.55,-947.5900000000001
391,2024-01-26,1037,224,South,Clothing,Shirts,7870.48,6107.12,1763.3599999999997
392,2024-01-27,1093,223,North,Furniture,Chair,7106.04,6677.52,428.5199999999995
393,2024-01-28,1008,211,East,Electronics,Mobile,7907.29,3551.51,4355.78
394,2024-01-29,1097,217,North,Electronics,Laptop,5220.96,2453.55,2767.41
395,2024-01-30,1052,214,South,Electronics,Laptop,4457.97,2111.71,2346.26
396,2024-01-31,1043,243,West,Clothing,Pants,1559.78,1597.26,-37.48000000000002
397,2024-02-01,1098,215,West,Clothing,Shirts,3349.11,508.3,2840.81
398,2024-02-02,1085,226,South,Furniture,Table,4396.79,2772.46,1624.33
399,2024-02-03,1023,207,South,Furniture,Table,977.14,2198.47,-1221.33
400,2024-02-04,1080,245,West,Furniture,Chair,2284.06,7733.02,-5448.960000000001
401,2024-02-05,1073,224,North,Clothing,Jackets,6022.43,4483.79,1538.6400000000003
402,2024-02-06,1029,216,North,Clothing,Shirts,7383.06,2810.85,4572.210000000001
403,2024-02-07,1058,228,South,Furniture,Table,9983.64,4664.72,5318.919999999999
404,2024-02-08,1086,207,North,Furniture,Chair,9337.82,1156.61,8181.21
405,2024-02-09,1095,214,West,Clothing,Jackets,6461.4,3580.15,2881.2499999999995
406,2024-02-10,1080,226,North,Furniture,Chair,4270.36,5028.56,-758.2000000000007
407,2024-02-11,1080,245,South,Electronics,Laptop,6398.16,3936.74,2461.42
408,2024-02-12,1013,249,West,Clothing,Jackets,7877.95,3244.14,4633.8099999999995
409,2024-02-13,1008,206,North,Furniture,Table,1271.53,7951.09,-6679.56
410,2024-02-14,1039,202,East,Clothing,Jackets,4158.06,7048.5,-2890.4399999999996
411,2024-02-15,1065,228,West,Electronics,Accessories,8414.04,5006.08,3407.960000000001
412,2024-02-16,1024,243,West,Clothing,Shirts,3899.95,4576.55,-676.6000000000004
413,2024-02-17,1072,223,East,Clothing,Shirts,5761.54,4984.25,777.29
414,2024-02-18,1021,202,East,Clothing,Pants,5918.92,1650.43,4268.49
415,2024-02-19,1003,219,West,Clothing,Shirts,1926.31,3191.35,-1265.04
416,2024-02-20,1025,245,East,Electronics,Mobile,3686.13,363.7,3322.4300000000003
417,2024-02-21,1057,214,South,Clothing,Jackets,3411.66,3830.59,-418.9300000000003
418,2024-02-22,1028,224,South,Clothing,Shirts,359.35,4367.05,-4007.7000000000003
419,2024-02-23,1097,229,South,Furniture,Sofa,339.5,1860.61,-1521.11
420,2024-02-24,1086,213,West,Clothing,Jackets,8333.8,7714.03,619.7699999999995
421,2024-02-25,1036,206,East,Furniture,Sofa,2803.4,7280.16,-4476.76
422,2024-02-26,1074,216,East,Electronics,Laptop,5228.98,5791.04,-562.0600000000004
423,2024-02-27,1069,243,North,Electronics,Laptop,3057.38,4290.42,-1233.04
424,2024-02-28,1017,219,North,Electronics,Laptop,9412.72,6966.25,2446.4699999999993
425,2024-02-29,1084,235,East,Electronics,Accessories,2667.04,1088.69,1578.35
426,2024-03-01,1041,208,East,Furniture,Table,4353.6,6334.55,-1980.9499999999998
427,2024-03-02,1099,237,East,Clothing,Pants,8740.03,1042.33,7697.700000000001
428,2024-03-03,1040,247,West,Electronics,Mobile,8435.14,6363.97,2071.169999999999
429,2024-03-04,1037,221,East,Clothing,Pants,1942.4,2242.35,-299.9499999999998
430,2024-03-05,1033,201,North,Furniture,Table,8046.17,7022.87,1023.3000000000002
431,2024-03-06,1016,223,West,Furniture,Sofa,4636.05,7555.13,-2919.08
432,2024-03-07,1036,207,East,Furniture,Sofa,4881.39,1232.93,3648.46
433,2024-03-08,1024,210,North,Electronics,Accessories,1421.45,3728.27,-2306.8199999999997
434,2024-03-09,1075,212,West,Clothing,Jackets,897.95,7848.85,-6950.900000000001
435,2024-03-10,1086,216,East,Clothing,Jackets,7306.6,3893.09,3413.51
436,2024-03-11,1085,207,East,Clothing,Jackets,5014.97,6915.2,-1900.2299999999996
437,2024-03-12,1084,220,East,Furniture,Table,4424.82,4730.42,-305.60000000000036
438,2024-03-13,1026,217,West,Electronics,Accessories,7322.13,3033.87,4288.26
439,2024-03-14,1056,229,North,Furniture,Sofa,7678.58,2321.98,5356.6
440,2024-03-15,1030,217,North,Furniture,Chair,1673.19,1665.62,7.570000000000164
441,2024-03-16,1005,245,South,Clothing,Pants,6141.23,6106.3,34.92999999999938
442,2024-03-17,1090,246,East,Furniture,Table,1440.01,3123.0,-1682.99
443,2024-03-18,1039,230,South,Clothing,Pants,7538.61,4114.64,3423.9699999999993
444,2024-03-19,1097,237,South,Electronics,Accessories,6603.86,3963.99,2639.87
445,2024-03-20,1011,231,North,Clothing,Jackets,9570.48,4639.37,4931.11
446,2024-03-21,1052,210,West,Electronics,Accessories,782.68,6931.34,-6148.66
447,2024-03-22,1070,244,West,Clothing,Shirts,664.84,7846.88,-7182.04
448,2024-03-23,1009,224,North,Furniture,Sofa,2893.65,3290.29,-396.6399999999999
449,2024-03-24,1044,232,West,Furniture,Chair,2690.89,6628.78,-3937.89
450,2024-03-25,1016,237,South,Electronics,Laptop,2545.09,6128.0,-3582.91
451,2024-03-26,1025,240,East,Electronics,Accessories,9071.92,4609.56,4462.36
452,2024-03-27,1084,207,North,Electronics,Mobile,2570.51,7650.57,-5080.0599999999995
453,2024-03-28,1091,210,East,Clothing,Shirts,2792.3,1643.77,1148.5300000000002
454,2024-03-29,1061,221,West,Clothing,Jackets,7618.04,918.65,6699.39
455,2024-03-30,1045,223,East,Electronics,Laptop,4552.42,6839.0,-2286.58
456,2024-03-31,1063,240,West,Furniture,Table,7789.43,3541.24,4248.1900000000005
457,2024-04-01,1001,216,West,Clothing,Pants,747.12,6783.4,-6036.28
458,2024-04-02,1053,211,South,Clothing,Shirts,4926.95,7150.07,-2223.12
459,2024-04-03,1064,245,West,Clothing,Shirts,432.77,546.54,-113.76999999999998
460,2024-04-04,1050,231,South,Electronics,Mobile,720.27,7073.54,-6353.27
461,2024-04-05,1052,214,South,Electronics,Mobile,9073.73,3614.14,5459.59
462,2024-04-06,1035,215,South,Electronics,Laptop,1478.53,4107.94,-2629.41
463,2024-04-07,1025,221,North,Electronics,Accessories,5370.96,5031.41,339.5500000000002
464,2024-04-08,1028,227,North,Electronics,Mobile,4169.85,7414.74,-3244.8899999999994
465,2024-04-09,1020,219,West,Furniture,Chair,3538.7,201.97,3336.73
466,2024-04-10,1010,232,South,Furniture,Table,9008.35,3840.91,5167.4400000000005
467,2024-04-11,1039,209,North,Electronics,Accessories,316.05,5517.39,-5201.34
468,2024-04-12,1010,239,South,Clothing,Jackets,6671.52,5795.52,876.0
469,2024-04-13,1035,231,East,Electronics,Laptop,9637.6,5555.63,4081.9700000000003
470,2024-04-14,1058,249,East,Furniture,Table,5645.67,1118.76,4526.91
471,2024-04-15,1038,232,East,Furniture,Sofa,9374.54,2430.19,6944.35
472,2024-04-16,1098,201,West,Clothing,Shirts,617.35,2901.79,-2284.44
473,2024-04-17,1053,232,South,Furniture,Sofa,4246.05,6445.28,-2199.2299999999996
474,2024-04-18,1097,232,East,Electronics,Laptop,2675.56,2266.14,409.4200000000001
475,2024-04-19,1054,240,North,Clothing,Shirts,7335.13,1725.1,5610.030000000001
476,2024-04-20,1023,212,East,Electronics,Mobile,9814.84,7661.71,2153.13
477,2024-04-21,1021,229,East,Electronics,Laptop,2639.65,120.46,2519.19
478,2024-04-22,1068,232,East,Clothing,Pants,6576.33,7982.68,-1406.3500000000004
479,2024-04-23,1055,212,West,Electronics,Laptop,2061.17,5430.73,-3369.5599999999995
480,2024-04-24,1032,225,North,Furniture,Sofa,5696.77,6636.33,-939.5599999999995
481,2024-04-25,1035,221,South,Electronics,Accessories,4692.93,2392.22,2300.7100000000005
482,2024-04-26,1019,238,North,Clothing,Shirts,9722.85,163.81,9559.04
483,2024-04-27,1082,201,South,Clothing,Pants,6124.42,5916.06,208.35999999999967
484,2024-04-28,1098,237,West,Clothing,Shirts,3560.11,6681.45,-3121.3399999999997
485,2024-04-29,1080,238,West,Electronics,Mobile,1229.55,5936.79,-4707.24
486,2024-04-30,1061,225,West,Clothing,Shirts,1597.34,1185.66,411.67999999999984
487,2024-05-01,1097,245,West,Clothing,Shirts,2330.64,6039.75,-3709.11
488,2024-05-02,1072,249,South,Electronics,Laptop,2584.57,6162.94,-3578.3699999999994
489,2024-05-03,1025,214,East,Furniture,Chair,8521.1,5285.4,3235.7000000000007
490,2024-05-04,1065,233,South,Electronics,Laptop,5656.11,6140.62,-484.5100000000002
491,2024-05-05,1072,241,North,Clothing,Pants,5281.57,6775.08,-1493.5100000000002
492,2024-05-06,1072,243,West,Clothing,Jackets,1236.21,4928.15,-3691.9399999999996
493,2024-05-07,1039,248,West,Electronics,Laptop,8615.38,754.41,7860.969999999999
494,2024-05-08,1016,239,North,Furniture,Sofa,7255.86,3926.64,3329.22
495,2024-05-09,1000,210,South,Clothing,Pants,769.92,667.31,102.61000000000001
496,2024-05-10,1088,202,East,Clothing,Pants,7107.57,3289.97,3817.6
497,2024-05-11,1060,205,East,Clothing,Pants,5481.03,3286.5,2194.5299999999997
498,2024-05-12,1042,208,North,Electronics,Accessories,909.08,574.78,334.30000000000007
499,2024-05-13,1041,205,East,Clothing,Jackets,4637.18,2823.12,1814.0600000000004
500,2024-05-14,1024,208,South,Furniture,Chair,4898.49,932.43,3966.06
